user_id,group,purchase
user-688937,A,0
user-884319,B,1
user-801251,B,1
user-821916,B,0
user-817695,B,0
user-908149,B,0
user-653229,B,0
user-805240,B,0
user-671509,B,0
user-667989,A,1
user-800626,B,0
user-764268,B,0
user-919008,B,0
user-776339,,0
user-693199,,0
user-938345,B,0
user-733230,A,0
user-930977,A,0
user-672815,A,0
user-674856,B,0
user-876732,A,1
user-673153,B,0
user-831672,A,0
user-922442,A,0
user-730577,A,0
user-890611,A,0
user-686162,A,0
user-718751,B,0
user-862517,B,0
user-736106,A,0
user-647089,B,0
user-854774,B,0
user-737590,B,0
user-675405,B,0
user-869707,A,0
user-934227,A,0
user-784122,A,0
user-679483,B,0
user-743518,B,0
user-801924,A,0
user-694286,A,1
user-767880,B,0
user-867569,A,1
user-907424,B,0
user-648450,B,1
user-707795,B,0
user-878722,B,0
user-878920,A,0
user-856396,B,0
user-906951,A,0
user-902369,A,1
user-870163,B,0
user-887201,A,0
user-761516,A,0
user-923289,B,0
user-777392,B,1
user-923958,A,0
user-762432,A,0
user-845019,A,1
user-745488,B,1
user-752913,A,0
user-733279,A,0
user-931269,A,0
user-844125,B,0
user-675100,B,0
user-701840,B,0
user-700558,B,0
user-873945,B,0
user-839955,A,0
user-840431,A,0
user-843552,B,0
user-905326,B,0
user-835029,B,0
user-898014,B,0
user-862907,A,0
user-694395,B,0
user-632906,A,0
user-823893,A,1
user-735922,A,0
user-888993,A,0
user-807657,A,0
user-810229,B,1
user-723184,B,0
user-789511,A,0
user-822743,B,0
user-771653,B,0
user-834606,A,0
user-940842,B,0
user-694461,B,0
user-637965,A,0
user-853354,A,0
user-844879,B,0
user-821966,B,0
user-883673,B,0
user-692753,B,0
user-840823,B,1
user-727724,A,0
user-652015,A,0
user-723086,A,0
user-668246,A,0
user-811542,A,0
user-781123,B,0
user-777437,B,0
user-654421,B,0
user-886348,A,0
user-926628,A,1
user-664200,B,1
user-694437,A,1
user-798569,A,1
user-665829,B,1
user-890197,B,1
user-909224,B,0
user-696228,A,1
user-884279,B,1
user-771846,A,0
user-883510,A,0
user-840560,B,0
user-871237,B,1
user-861082,A,0
user-829618,A,0
user-803976,A,1
user-644401,A,0
user-839171,A,0
user-671767,B,0
user-775039,B,0
user-879050,A,0
user-931986,A,0
user-818786,B,0
user-687208,B,0
user-714733,A,0
user-655435,B,1
user-928113,A,0
user-857368,A,0
user-710540,B,0
user-690622,B,0
user-767989,A,0
user-907159,B,0
user-771469,A,1
user-881660,B,1
user-630341,B,1
user-937296,A,0
user-694919,B,0
user-687218,B,0
user-740367,B,0
user-778140,B,0
user-633763,A,0
user-710401,B,0
user-643642,B,1
user-764128,B,0
user-865250,A,1
user-810013,A,0
user-901344,B,0
user-829119,A,0
user-739414,A,0
user-673583,A,0
user-714570,A,0
user-780478,A,1
user-819473,A,0
user-678214,A,0
user-657025,B,0
user-942833,A,0
user-709793,B,0
user-730854,A,1
user-936873,B,0
user-848240,A,1
user-909855,B,1
user-649788,A,0
user-679162,A,0
user-897131,A,0
user-863349,A,0
user-943295,A,0
user-879814,B,1
user-929820,A,0
user-790901,B,0
user-728086,A,0
user-703192,A,0
user-668317,A,0
user-669174,B,1
user-873513,B,0
user-883293,A,0
user-837608,B,0
user-803191,A,0
user-864223,A,0
user-646672,A,0
user-792213,A,0
user-885007,B,1
user-683911,A,1
user-944269,B,1
user-876182,A,0
user-663600,B,0
user-929291,A,0
user-884370,A,0
user-778778,B,0
user-768641,B,0
user-915664,A,0
user-919139,B,0
user-817936,A,0
user-700736,A,0
user-690761,A,0
user-645635,B,0
user-860734,A,0
user-939111,B,0
user-896594,A,1
user-881752,A,0
user-847033,B,1
user-817729,A,0
user-634388,B,0
user-818343,A,0
user-730687,B,0
user-884445,A,0
user-831842,B,1
user-861934,A,0
user-780678,B,0
user-889683,B,0
user-725536,A,0
user-705234,B,1
user-792179,A,0
user-874221,A,1
user-649801,A,0
user-678147,A,0
user-861731,A,1
user-727739,B,0
user-819011,A,0
user-674041,A,1
user-834658,A,0
user-764145,B,0
user-638797,A,0
user-912425,A,0
user-770453,A,0
user-656775,A,0
user-763879,A,1
user-747868,B,0
user-925707,B,0
user-945913,A,0
user-826384,A,0
user-819587,A,0
user-838389,A,0
user-637301,B,0
user-927095,B,0
user-719035,A,1
user-820951,B,0
user-872896,B,0
user-784808,A,0
user-853581,B,0
user-894540,B,0
user-833368,B,0
user-889635,B,1
user-678446,B,0
user-690170,A,0
user-861396,B,0
user-682689,A,0
user-773226,A,0
user-764766,B,0
user-940952,A,1
user-831261,B,0
user-778189,A,0
user-919405,A,0
user-914383,B,0
user-695261,A,0
user-735526,B,0
user-733852,B,0
user-706363,A,0
user-821608,B,1
user-864687,A,0
user-809907,B,0
user-743217,A,0
user-899445,B,1
user-810401,A,0
user-815983,A,0
user-705380,A,0
user-856636,A,0
user-855351,A,0
user-900958,A,0
user-816687,B,0
user-674509,B,1
user-837442,B,0
user-706263,B,1
user-785823,B,0
user-861126,A,0
user-719330,A,0
user-752308,A,0
user-710282,B,1
user-784557,A,0
user-723759,A,0
user-844747,A,0
user-893374,B,0
user-665793,B,1
user-909011,B,1
user-713474,A,0
user-819369,A,0
user-705723,B,0
user-742486,B,0
user-730406,B,0
user-676790,B,1
user-817575,B,0
user-740613,B,0
user-802231,B,0
user-663951,A,0
user-729973,B,1
user-763472,B,0
user-663109,B,0
user-830211,A,0
user-895568,A,0
user-673329,B,0
user-868498,A,0
user-885626,A,0
user-728092,B,1
user-929899,B,0
user-812039,B,0
user-945778,A,0
user-641314,A,0
user-744415,A,0
user-907798,A,0
user-930709,B,1
user-726967,B,0
user-817355,A,0
user-886455,B,0
user-925362,A,0
user-810660,B,0
user-894302,A,0
user-916848,A,0
user-672900,A,1
user-697492,A,0
user-756322,B,1
user-878888,A,0
user-660003,B,1
user-702988,B,0
user-646066,B,0
user-880820,B,0
user-704650,B,1
user-779652,A,0
user-797817,A,0
user-827585,A,1
user-758188,A,1
user-877391,A,0
user-844327,B,1
user-638001,B,1
user-786480,B,0
user-717572,B,0
user-806246,A,0
user-857865,B,1
user-680053,A,1
user-860973,A,0
user-901074,A,0
user-716092,B,0
user-718530,B,0
user-840502,B,0
user-831398,A,0
user-834002,B,0
user-770137,A,0
user-714092,B,0
user-714677,A,1
user-672042,A,1
user-723863,A,0
user-806983,A,1
user-887934,A,0
user-936300,A,0
user-675868,A,0
user-936067,B,0
user-853881,A,1
user-778620,B,0
user-756480,B,1
user-823474,B,0
user-640225,A,0
user-805100,B,0
user-690434,B,0
user-721943,B,0
user-894322,B,1
user-897941,A,1
user-891585,B,0
user-729142,B,0
user-728300,A,1
user-756946,B,0
user-841618,A,0
user-647522,A,0
user-689445,B,0
user-804788,A,1
user-664494,B,0
user-799400,A,0
user-889888,B,0
user-875893,A,0
user-695656,B,0
user-844186,A,0
user-808801,B,0
user-650765,A,0
user-768320,A,1
user-707391,A,0
user-783617,A,0
user-866981,A,0
user-667213,B,1
user-797706,A,0
user-820382,A,0
user-693846,B,1
user-914410,B,0
user-866695,B,0
user-938605,B,0
user-755743,B,0
user-689670,A,0
user-938615,B,1
user-837609,A,0
user-693179,B,0
user-697786,A,0
user-702386,B,0
user-860055,B,0
user-872666,A,0
user-785040,B,0
user-661805,A,0
user-670941,B,0
user-737414,B,0
user-944746,B,1
user-762934,A,0
user-712347,A,1
user-686611,A,1
user-822900,B,0
user-665767,A,0
user-939593,A,0
user-634989,B,0
user-713371,A,0
user-713214,A,0
user-892356,B,1
user-707938,B,0
user-630829,A,0
user-938636,A,0
user-908348,B,1
user-841218,A,1
user-941837,B,0
user-874755,B,1
user-945043,B,0
user-826115,A,1
user-826969,A,0
user-874023,B,0
user-901459,B,1
user-713685,A,1
user-812876,A,0
user-696641,B,0
user-765704,B,0
user-667048,A,0
user-816982,B,0
user-749330,B,0
user-715289,A,0
user-685788,A,1
user-884670,B,0
user-850233,A,0
user-643178,B,0
user-866854,B,0
user-856754,A,0
user-646795,A,0
user-808036,A,0
user-750416,B,0
user-804861,A,0
user-777616,A,0
user-875124,A,0
user-891777,A,0
user-638022,B,0
user-787869,A,0
user-924661,B,1
user-775178,B,0
user-841008,B,1
user-729555,B,1
user-799416,B,0
user-721686,B,0
user-767445,B,0
user-904397,B,1
user-880285,B,0
user-803040,A,1
user-753746,A,0
user-715490,B,1
user-811693,A,0
user-634927,B,0
user-635467,A,0
user-831604,B,0
user-852915,A,0
user-643777,A,0
user-779579,A,0
user-904789,B,0
user-918554,A,0
user-645801,B,1
user-732774,B,0
user-917567,A,0
user-695829,B,0
user-711590,A,0
user-651720,B,1
user-791703,A,0
user-861972,B,0
user-869395,A,0
user-630665,A,0
user-634985,A,1
user-898607,B,1
user-900536,B,0
user-928811,A,0
user-934327,A,0
user-916725,A,0
user-752747,B,0
user-757482,A,0
user-780587,B,0
user-713765,A,0
user-770772,A,0
user-839089,A,0
user-631705,B,1
user-790765,B,1
user-872142,B,0
user-828056,B,0
user-631625,B,0
user-699194,B,0
user-708305,A,1
user-764241,B,0
user-666472,A,1
user-871094,A,0
user-890388,B,0
user-699967,B,0
user-663896,B,0
user-889344,A,0
user-784274,B,0
user-730707,B,0
user-910923,A,0
user-890883,B,0
user-669473,A,1
user-753749,A,1
user-896902,B,0
user-876618,A,0
user-766662,B,0
user-650843,B,0
user-736159,B,0
user-860788,B,1
user-921694,A,0
user-650897,A,0
user-742409,B,0
user-759505,A,0
user-829558,A,0
user-897376,B,0
user-915010,B,0
user-833886,A,0
user-781179,B,0
user-701434,B,0
user-868160,A,0
user-729596,A,0
user-924077,B,0
user-750542,A,0
user-665641,B,0
user-858458,A,0
user-714861,A,1
user-788696,B,0
user-856680,A,0
user-789322,B,0
user-932857,B,1
user-762487,B,1
user-759395,A,0
user-829790,A,1
user-742108,B,1
user-671625,A,0
user-860351,A,0
user-841535,A,0
user-880150,B,1
user-839187,B,0
user-867227,A,0
user-789031,A,1
user-782484,B,0
user-876671,B,0
user-919227,B,0
user-832024,B,0
user-774676,A,0
user-725787,A,0
user-900503,B,0
user-899308,A,1
user-884890,B,0
user-864990,B,0
user-787450,B,0
user-762545,B,0
user-728941,B,1
user-891097,B,1
user-859483,A,1
user-854549,A,0
user-734232,B,1
user-790494,B,0
user-822827,B,1
user-707502,A,0
user-945374,B,0
user-769392,A,0
user-633453,B,0
user-759907,B,1
user-735587,B,0
user-846096,A,0
user-766887,A,0
user-931545,B,0
user-817557,A,0
user-784853,B,0
user-869879,A,0
user-823585,B,0
user-785566,A,0
user-852211,B,0
user-705092,B,0
user-766921,B,0
user-919065,A,0
user-699928,A,0
user-704618,B,0
user-878195,A,0
user-673880,B,0
user-777300,A,1
user-843231,A,0
user-631836,B,1
user-642671,A,1
user-844905,A,0
user-641947,A,0
user-755973,B,0
user-648580,B,0
user-631586,B,0
user-664031,A,0
user-823455,B,1
user-827555,A,1
user-881141,B,0
user-905045,A,0
user-936978,B,1
user-935782,A,0
user-659490,B,0
user-812694,B,0
user-937654,B,0
user-856704,A,0
user-942185,B,0
user-916147,A,0
user-648950,A,1
user-646342,B,0
user-765973,B,0
user-727239,B,0
user-903977,A,0
user-917457,A,0
user-830242,B,1
user-717867,A,0
user-885304,A,0
user-700587,B,0
user-885412,B,0
user-875890,B,1
user-731708,B,0
user-730456,A,0
user-866143,B,0
user-774856,A,0
user-839954,B,0
user-845063,A,0
user-867711,A,0
user-785923,A,0
user-729955,A,0
user-883848,B,0
user-917765,A,0
user-712856,B,1
user-926346,A,1
user-712327,A,0
user-669427,A,0
user-897464,A,0
user-931120,B,0
user-682510,B,0
user-862874,A,1
user-827500,A,0
user-827871,A,0
user-857351,A,0
user-758852,A,0
user-647490,B,0
user-824203,A,0
user-763645,B,1
user-865045,A,1
user-639817,B,0
user-924140,A,1
user-786310,B,0
user-827331,B,0
user-859351,A,0
user-805741,B,1
user-847541,A,1
user-718349,B,1
user-639172,B,0
user-792577,A,0
user-821791,B,0
user-876541,B,0
user-792499,B,0
user-917943,A,1
user-632780,A,0
user-742336,A,0
user-893496,A,0
user-808905,B,0
user-924870,A,0
user-717682,B,0
user-931013,A,0
user-894393,B,1
user-938361,B,0
user-643194,B,0
user-630374,B,0
user-834022,A,0
user-940666,A,0
user-651226,A,0
user-866650,B,1
user-689394,B,0
user-720673,A,0
user-690462,B,1
user-661653,A,0
user-688563,B,0
user-903448,A,0
user-804370,A,0
user-732934,A,0
user-675824,B,0
user-792824,B,0
user-800421,A,0
user-671329,B,1
user-882570,A,0
user-824725,A,0
user-744355,B,0
user-654541,B,0
user-699748,B,0
user-791715,B,0
user-650970,A,0
user-673175,A,0
user-819394,B,0
user-864961,A,0
user-847729,B,1
user-881312,B,0
user-708434,A,0
user-659516,B,0
user-632377,B,0
user-718282,B,0
user-827170,B,1
user-781176,B,0
user-847774,B,0
user-693749,A,0
user-795330,B,1
user-670052,A,0
user-796035,A,1
user-781525,A,0
user-742910,B,0
user-854272,A,0
user-675203,B,0
user-856247,A,0
user-883950,B,0
user-777311,A,0
user-694479,A,0
user-827765,B,0
user-895911,B,0
user-803931,A,0
user-672297,A,0
user-866886,B,0
user-794008,B,0
user-682712,A,0
user-738301,A,0
user-862691,A,0
user-925568,B,1
user-764138,B,1
user-752367,B,0
user-791730,A,0
user-756062,B,0
user-813492,A,1
user-778727,A,1
user-816085,B,1
user-637189,A,0
user-768832,A,0
user-818639,A,0
user-711424,B,0
user-763023,A,1
user-916990,B,1
user-713118,A,1
user-687705,B,1
user-646026,A,1
user-738189,A,0
user-878307,B,0
user-733451,B,1
user-930788,B,0
user-809620,A,0
user-858032,B,0
user-836295,A,1
user-710344,B,0
user-722066,A,0
user-880711,B,0
user-769655,B,0
user-879591,A,0
user-853744,A,0
user-894816,A,0
user-922879,B,0
user-929922,B,0
user-678381,B,0
user-718447,A,0
user-887998,B,0
user-847673,A,0
user-682233,B,0
user-723931,B,0
user-809781,A,0
user-904209,B,0
user-882500,B,0
user-893251,B,1
user-753254,A,1
user-689369,B,0
user-675431,B,0
user-686526,A,0
user-893809,A,0
user-908003,A,0
user-681900,A,0
user-781146,B,0
user-758053,B,0
user-637982,B,0
user-725622,A,0
user-834235,B,0
user-852246,A,1
user-698169,A,0
user-673628,B,0
user-726740,B,0
user-697022,B,0
user-639820,A,0
user-763696,B,0
user-644135,A,0
user-898743,B,0
user-937608,A,0
user-785569,A,0
user-887050,A,1
user-880442,B,1
user-773003,B,0
user-775551,A,0
user-929840,B,0
user-820916,B,1
user-692000,B,0
user-728160,B,0
user-732212,B,0
user-891215,A,1
user-908106,A,1
user-866500,A,0
user-936202,B,0
user-770309,A,0
user-857406,A,0
user-833696,A,1
user-873770,A,0
user-662649,A,0
user-873364,A,1
user-860168,A,1
user-832764,A,1
user-829574,A,0
user-714336,B,1
user-919791,B,0
user-683466,B,0
user-933696,A,0
user-725353,B,0
user-801868,A,1
user-899373,A,0
user-901195,B,0
user-826216,B,0
user-636723,B,0
user-833716,A,0
user-788382,A,0
user-858659,B,0
user-717740,B,0
user-742039,B,0
user-788792,B,0
user-694599,B,0
user-727266,A,0
user-793580,A,0
user-718429,B,0
user-793245,A,0
user-697568,A,1
user-799468,A,0
user-921628,B,0
user-912179,B,0
user-732918,B,0
user-911150,A,1
user-782421,A,0
user-662210,B,1
user-841288,A,0
user-937896,A,0
user-871671,B,0
user-840454,B,0
user-875502,B,1
user-929763,A,0
user-682658,B,0
user-714132,B,0
user-941635,B,0
user-732909,A,0
user-841851,A,0
user-860209,B,0
user-756591,B,0
user-888545,A,0
user-765339,A,0
user-859761,B,0
user-808265,A,0
user-701254,B,0
user-892804,A,1
user-840290,B,0
user-876815,B,0
user-897432,B,0
user-806631,B,0
user-906533,B,0
user-748051,A,0
user-903978,A,0
user-923259,B,0
user-777440,A,0
user-805534,A,0
user-811599,A,1
user-771987,B,1
user-897656,A,1
user-886123,A,0
user-922153,B,1
user-669368,B,0
user-794730,A,0
user-917838,A,0
user-876842,A,0
user-650436,A,1
user-775293,B,1
user-757427,A,0
user-699772,B,0
user-641963,A,0
user-931961,B,0
user-663780,A,1
user-662951,A,0
user-760725,A,0
user-773346,B,0
user-668672,B,0
user-760220,A,0
user-704799,B,0
user-810572,A,0
user-801953,B,1
user-715157,A,0
user-793227,B,0
user-651303,B,1
user-639760,A,0
user-900137,B,1
user-917603,A,0
user-699700,A,0
user-693754,A,1
user-895183,B,0
user-720715,A,0
user-720795,B,0
user-805267,B,1
user-688635,A,0
user-678831,A,0
user-862824,B,0
user-699346,B,1
user-869173,B,0
user-640327,B,1
user-757325,B,0
user-757546,A,0
user-756220,B,0
user-633958,B,0
user-852450,B,0
user-703167,B,0
user-731890,A,0
user-655174,A,0
user-777634,B,1
user-647575,A,0
user-694362,A,0
user-862225,A,0
user-743342,B,0
user-864485,A,0
user-723305,B,0
user-763180,B,0
user-738999,B,0
user-686960,A,0
user-921111,B,1
user-753933,A,0
user-831886,B,0
user-847763,B,1
user-684450,B,1
user-873853,A,1
user-856875,B,0
user-769172,B,1
user-918715,B,0
user-697925,B,0
user-710557,B,1
user-881001,B,0
user-702389,B,0
user-678197,A,0
user-669329,B,0
user-695068,A,0
user-715340,A,0
user-912559,A,1
user-694656,B,1
user-919879,A,1
user-853541,B,0
user-907625,B,1
user-927280,B,0
user-705081,B,0
user-652915,B,0
user-741531,B,0
user-821671,B,0
user-769197,B,1
user-694682,A,0
user-912451,B,0
user-802141,B,1
user-714176,B,0
user-694729,A,1
user-945814,A,0
user-708747,B,1
user-714418,A,0
user-724867,B,0
user-699560,B,0
user-899903,B,0
user-671833,B,0
user-906771,B,0
user-797640,B,0
user-653727,A,0
user-912731,B,1
user-632231,B,1
user-871806,B,0
user-678179,B,0
user-726865,A,1
user-730331,B,0
user-706657,B,0
user-703817,B,0
user-935063,A,0
user-897468,B,0
user-842034,A,0
user-693289,B,1
user-916276,A,0
user-715956,B,0
user-895669,A,0
user-713815,A,0
user-712230,B,0
user-708317,B,1
user-645849,A,0
user-860794,B,0
user-833449,A,1
user-895797,B,0
user-895863,A,0
user-892368,A,0
user-884825,A,0
user-887403,A,0
user-695972,B,0
user-704956,B,0
user-743859,B,1
user-638405,A,0
user-832425,A,0
user-832904,B,0
user-848110,B,0
user-733552,B,0
user-757742,A,1
user-868918,B,0
user-710694,B,1
user-742784,A,1
user-863315,B,0
user-691821,A,0
user-712349,B,0
user-698448,B,0
user-644978,B,0
user-938983,B,0
user-789688,A,0
user-728235,A,0
user-899129,A,0
user-746215,A,0
user-877735,A,1
user-801827,B,1
user-724631,A,0
user-650929,B,0
user-835187,A,0
user-730785,B,1
user-930106,B,0
user-866989,A,1
user-831656,A,0
user-803683,A,1
user-680162,A,0
user-701936,A,0
user-852362,A,0
user-649841,B,0
user-760758,A,0
user-835534,A,0
user-786394,B,1
user-804793,A,1
user-940165,A,0
user-823047,A,0
user-709686,A,0
user-929406,A,0
user-699961,B,1
user-939580,B,0
user-892222,A,0
user-685172,B,0
user-830619,B,0
user-630780,A,0
user-886969,B,0
user-848404,A,0
user-864489,A,1
user-737109,A,0
user-757313,A,0
user-723712,B,1
user-858490,A,0
user-698399,B,0
user-850888,A,0
user-928801,A,0
user-774342,A,0
user-739487,B,1
user-732243,A,0
user-919336,A,0
user-650917,B,0
user-883081,A,0
user-939883,A,0
user-758300,B,0
user-912420,B,1
user-771871,A,0
user-792887,B,1
user-680902,B,0
user-821478,A,0
user-817253,B,1
user-868182,B,0
user-713079,A,0
user-854711,A,0
user-911554,A,0
user-649626,B,0
user-888567,B,0
user-918106,A,1
user-724695,B,0
user-686623,A,0
user-911036,A,1
user-820107,B,1
user-920783,B,0
user-676652,A,0
user-777749,A,0
user-652931,B,0
user-702832,A,0
user-884145,B,0
user-791293,B,0
user-770912,A,0
user-942410,A,0
user-793103,A,0
user-637101,A,1
user-759875,A,0
user-674368,A,0
user-780666,B,0
user-904825,A,1
user-894158,B,0
user-834517,B,0
user-867222,A,1
user-851848,A,0
user-840417,B,0
user-921365,B,1
user-823204,A,0
user-708035,B,0
user-790624,A,0
user-711091,B,0
user-666760,A,1
user-710655,B,0
user-790124,A,0
user-730743,A,0
user-745689,A,0
user-775945,B,1
user-670424,B,0
user-933860,A,0
user-769648,A,0
user-903809,A,0
user-713449,B,1
user-944140,A,0
user-641359,B,0
user-635384,A,1
user-899814,A,0
user-900363,A,0
user-849584,B,1
user-630327,A,0
user-933711,A,1
user-670161,A,0
user-816743,B,0
user-655595,B,1
user-708346,A,0
user-863567,A,1
user-919874,A,1
user-757518,A,0
user-904555,B,0
user-645923,A,0
user-875816,A,0
user-630338,B,0
user-663728,A,0
user-638344,B,1
user-708225,A,0
user-739253,B,0
user-821315,B,1
user-645240,B,1
user-903575,A,0
user-755414,A,0
user-900320,B,0
user-855000,B,0
user-750650,A,0
user-910711,A,0
user-818348,A,1
user-879741,B,1
user-789620,A,0
user-745382,A,0
user-821930,B,0
user-843532,B,1
user-792036,A,0
user-683773,A,0
user-848883,B,0
user-707223,A,0
user-832243,B,0
user-899934,A,0
user-890258,A,0
user-659105,A,0
user-858538,A,0
user-671788,A,0
user-710967,A,0
user-716968,B,0
user-763711,A,0
user-922274,B,0
user-794959,A,1
user-696211,A,0
user-821203,B,0
user-924519,A,0
user-737832,A,0
user-867746,B,0
user-869205,A,0
user-806355,A,0
user-782423,B,0
user-790335,A,0
user-665802,B,1
user-681546,A,1
user-879105,A,0
user-811614,B,0
user-827414,A,1
user-717394,A,0
user-699302,A,0
user-850190,B,1
user-941778,B,0
user-828924,B,0
user-833223,B,0
user-635607,B,1
user-728239,A,0
user-761472,B,0
user-822861,B,0
user-825243,A,0
user-784585,B,0
user-663228,A,1
user-916467,A,0
user-807016,A,0
user-853010,A,0
user-680519,A,0
user-631524,B,0
user-799358,B,0
user-932058,B,0
user-930565,B,1
user-655708,A,0
user-712178,A,0
user-923273,B,0
user-914399,B,1
user-941769,A,0
user-825714,A,1
user-841086,A,1
user-901670,B,0
user-922898,A,0
user-803471,B,0
user-819129,A,1
user-654594,A,1
user-841824,A,0
user-936712,A,0
user-868627,A,0
user-671614,B,0
user-905148,A,0
user-716695,B,0
user-868336,A,0
user-811761,B,0
user-842305,B,0
user-922150,A,0
user-751936,A,0
user-929430,B,1
user-773860,B,0
user-651307,B,0
user-724157,B,0
user-751572,A,0
user-674610,A,0
user-826709,A,0
user-929551,A,0
user-759775,B,0
user-663440,B,0
user-906060,A,1
user-678745,B,0
user-739727,A,0
user-730024,B,0
user-713036,A,0
user-692880,A,0
user-905636,B,0
user-672987,B,0
user-721847,B,0
user-671868,A,0
user-813736,A,0
user-696798,B,0
user-763297,A,0
user-700750,B,0
user-843091,A,1
user-841286,A,1
user-843144,A,0
user-693095,A,0
user-858175,A,0
user-795302,B,0
user-755722,B,1
user-692883,B,0
user-673004,B,0
user-901448,B,0
user-654841,B,1
user-838260,A,0
user-695238,A,0
user-768804,A,0
user-936923,B,1
user-820420,B,0
user-852279,A,0
user-830672,A,0
user-635387,B,0
user-808004,B,0
user-748761,A,1
user-804109,A,0
user-689354,A,0
user-740186,A,0
user-635196,B,0
user-844275,B,0
user-770626,A,0
user-816733,B,0
user-736841,B,1
user-915937,B,1
user-841462,B,0
user-767664,A,0
user-835310,B,0
user-862991,B,1
user-778744,A,1
user-631473,B,0
user-824011,B,1
user-764322,A,0
user-840187,B,0
user-846408,B,0
user-852521,A,0
user-702193,B,0
user-755586,B,0
user-737107,B,1
user-821140,B,0
user-639177,B,1
user-926865,A,0
user-804217,B,1
user-863768,B,1
user-882277,A,0
user-825741,B,1
user-884846,B,0
user-728341,A,0
user-672851,B,0
user-859078,A,0
user-819675,B,0
user-857242,B,0
user-838210,A,1
user-785093,A,0
user-666288,A,1
user-808613,B,0
user-829085,A,0
user-713803,B,0
user-855695,B,0
user-636165,A,0
user-911014,A,0
user-685359,B,0
user-794561,B,0
user-825122,A,0
user-893880,A,1
user-942338,A,0
user-840815,B,1
user-753592,B,1
user-694769,A,0
user-742708,A,0
user-755501,B,0
user-708340,B,0
user-817110,B,1
user-703888,A,0
user-757455,B,0
user-838419,A,0
user-792608,B,1
user-837006,A,0
user-854035,A,0
user-655498,B,0
user-734569,A,0
user-717940,A,0
user-875323,A,0
user-933505,A,1
user-866477,A,0
user-821279,B,0
user-874382,A,0
user-868955,A,0
user-663168,B,0
user-736048,B,0
user-824645,B,0
user-676836,B,0
user-849861,B,0
user-760770,A,0
user-674498,A,0
user-929202,A,1
user-664763,B,1
user-892317,B,0
user-871653,A,0
user-888539,A,1
user-755194,B,0
user-851035,A,0
user-746580,A,0
user-818527,A,0
user-827392,A,0
user-911270,A,0
user-739748,B,0
user-776475,B,1
user-681403,A,0
user-863766,B,0
user-812235,B,0
user-828237,A,1
user-759860,B,0
user-916726,B,0
user-864224,A,0
user-732441,B,1
user-939676,B,0
user-632109,B,1
user-809170,B,1
user-761924,B,0
user-937546,A,0
user-635645,B,0
user-784489,B,0
user-807719,A,1
user-848599,A,0
user-905065,B,0
user-661258,A,0
user-706057,A,0
user-930598,A,1
user-686585,B,0
user-680201,B,0
user-914730,B,0
user-702413,A,0
user-913777,B,0
user-901268,A,0
user-919701,B,1
user-843927,B,0
user-860856,A,0
user-735241,A,0
user-931141,A,0
user-786185,A,1
user-858966,B,0
user-758186,A,1
user-640961,A,0
user-832972,A,0
user-806826,B,0
user-694006,A,0
user-877675,A,0
user-888918,B,0
user-745074,B,0
user-926415,A,0
user-938283,A,0
user-672606,B,0
user-855839,B,0
user-636767,B,1
user-868084,A,0
user-858759,B,0
user-854238,B,1
user-867194,B,0
user-910141,B,0
user-867247,B,1
user-640006,B,1
user-661249,B,1
user-740898,A,0
user-887171,A,1
user-902682,B,0
user-841818,A,0
user-692278,A,0
user-698397,B,0
user-733976,B,1
user-931331,A,0
user-785939,B,0
user-816844,A,0
user-935625,B,0
user-683567,B,0
user-883536,B,1
user-933445,A,0
user-884122,A,0
user-690127,A,0
user-749347,B,1
user-831334,B,0
user-702977,B,0
user-909990,B,0
user-855602,B,0
user-661590,A,0
user-838618,A,0
user-754809,A,0
user-818968,B,0
user-760100,B,0
user-657648,A,0
user-847936,A,0
user-783263,B,0
user-699642,A,0
user-843555,B,0
user-748078,A,1
user-732908,A,0
user-821048,A,0
user-855506,A,1
user-716497,B,0
user-670221,B,0
user-804093,A,1
user-694158,B,0
user-736887,A,1
user-873558,B,0
user-824418,B,1
user-700371,A,0
user-810007,A,0
user-777170,A,1
user-705197,B,0
user-656518,B,1
user-929303,B,0
user-730376,A,0
user-771879,B,0
user-852606,B,0
user-906968,A,0
user-895513,A,0
user-944648,A,0
user-831737,A,1
user-779854,B,0
user-917112,A,0
user-805301,B,1
user-928267,A,0
user-850680,A,0
user-634971,B,1
user-694078,A,0
user-710349,B,0
user-736012,A,0
user-869537,A,0
user-933872,B,1
user-709265,A,0
user-911238,A,1
user-685374,B,0
user-919690,A,0
user-637639,A,0
user-657302,B,1
user-787813,B,1
user-885497,A,1
user-885187,A,0
user-754456,B,0
user-900461,A,0
user-720371,B,0
user-794864,A,0
user-801033,B,1
user-639751,B,0
user-906578,A,0
user-683423,B,1
user-931667,A,0
user-830513,A,0
user-723137,B,0
user-801682,A,1
user-862270,A,0
user-631477,B,0
user-766147,A,1
user-924584,B,0
user-863758,A,0
user-764691,B,0
user-733209,B,0
user-799446,B,0
user-808769,B,0
user-840399,B,1
user-910698,A,0
user-943744,B,0
user-817544,A,1
user-749714,A,0
user-761994,A,0
user-781628,A,0
user-844170,B,1
user-799033,B,0
user-690508,B,1
user-737376,A,1
user-896048,B,1
user-787942,B,0
user-939428,A,0
user-676448,A,0
user-885311,B,0
user-667271,B,0
user-733260,B,0
user-756413,B,0
user-891576,B,0
user-797344,B,1
user-840355,B,1
user-684929,B,0
user-655484,B,0
user-804228,A,0
user-743997,A,0
user-930132,A,0
user-661175,A,0
user-773302,B,0
user-785454,B,0
user-635658,A,0
user-729613,B,1
user-920964,A,0
user-678513,B,1
user-728874,A,1
user-728948,A,0
user-722924,A,1
user-677625,B,0
user-823743,A,1
user-656838,A,0
user-868684,B,0
user-786907,A,0
user-834299,B,0
user-733359,A,0
user-644539,A,0
user-921353,B,0
user-908658,A,1
user-868358,B,0
user-856078,B,0
user-755887,A,0
user-836104,A,0
user-849704,B,0
user-855400,B,0
user-773967,A,0
user-939337,A,0
user-917140,B,0
user-911667,B,0
user-699424,A,1
user-745798,A,1
user-668730,A,1
user-809441,B,0
user-862628,A,1
user-910059,B,0
user-649981,B,0
user-875231,B,0
user-646682,A,0
user-861000,B,0
user-834751,A,0
user-765245,A,0
user-674194,B,0
user-737308,B,0
user-707519,A,0
user-699064,A,1
user-814053,A,0
user-717790,B,0
user-645900,A,1
user-772092,A,1
user-827652,B,0
user-698290,A,1
user-658742,A,1
user-882195,A,1
user-798361,A,1
user-917590,A,0
user-773523,B,0
user-915446,A,1
user-769072,B,0
user-842376,B,0
user-924300,A,0
user-735102,A,0
user-835320,A,1
user-941424,B,1
user-889175,B,0
user-938880,A,1
user-752596,B,0
user-910633,A,1
user-832625,B,0
user-740805,B,0
user-683791,A,0
user-727085,B,0
user-902672,A,0
user-906276,A,1
user-660301,B,0
user-754283,A,0
user-653528,A,0
user-857289,B,0
user-684855,A,1
user-662761,B,1
user-761802,B,1
user-759963,A,1
user-780053,A,0
user-801763,B,0
user-714175,B,0
user-872434,A,0
user-752135,B,0
user-826978,B,0
user-678855,B,1
user-652226,B,0
user-939369,A,0
user-897949,A,0
user-688729,B,0
user-731777,A,0
user-867032,A,0
user-839377,B,0
user-662907,B,1
user-767017,B,0
user-873670,A,1
user-810338,A,0
user-709247,B,0
user-651511,B,0
user-819341,B,1
user-670914,B,1
user-773253,B,0
user-933162,A,0
user-746026,A,0
user-872668,A,0
user-818071,B,1
user-831390,A,0
user-769083,B,0
user-735393,A,0
user-717249,B,0
user-798121,B,0
user-855942,B,0
user-715337,B,1
user-684483,A,0
user-821381,B,0
user-795944,A,0
user-841052,A,0
user-778849,B,0
user-824129,B,0
user-851399,A,0
user-760554,A,1
user-833593,A,0
user-633083,A,0
user-910027,B,0
user-880412,B,0
user-745777,B,1
user-934287,A,0
user-830935,A,0
user-630283,A,0
user-819928,B,0
user-637774,B,0
user-926034,B,0
user-926906,A,0
user-920810,A,0
user-630484,A,0
user-693328,A,0
user-698527,B,0
user-785341,A,0
user-727083,A,0
user-762397,A,1
user-889695,A,0
user-714666,B,1
user-864258,A,0
user-914119,A,0
user-871289,A,1
user-909169,A,0
user-749672,A,0
user-896362,A,0
user-922080,B,0
user-860422,B,1
user-737804,B,0
user-701308,A,1
user-841497,A,0
user-729650,A,0
user-942535,A,0
user-691147,B,0
user-781060,B,0
user-758122,A,0
user-683501,A,0
user-911707,B,1
user-833013,A,0
user-904540,A,0
user-777700,B,0
user-789390,A,0
user-655398,B,0
user-690701,B,0
user-734839,B,0
user-785130,B,0
user-662068,B,0
user-660205,B,0
user-800870,A,1
user-842985,B,0
user-888342,B,1
user-932725,A,0
user-712428,A,0
user-805069,B,0
user-920235,A,0
user-633378,B,0
user-839715,A,0
user-924145,B,0
user-760161,A,1
user-898435,A,1
user-758516,B,0
user-801513,B,0
user-648318,B,1
user-642034,B,1
user-689842,B,0
user-683154,B,1
user-688418,A,0
user-788526,A,0
user-868849,B,0
user-855124,A,0
user-635762,B,0
user-888474,A,1
user-650463,A,0
user-918268,B,0
user-817525,B,1
user-876353,B,0
user-671839,A,0
user-903822,B,1
user-633389,B,0
user-666345,B,0
user-878040,B,0
user-761486,B,1
user-832426,A,0
user-666613,B,0
user-633828,A,0
user-636597,A,0
user-716368,B,1
user-749201,A,0
user-747250,A,0
user-731555,B,0
user-872023,B,0
user-702268,B,0
user-840070,B,1
user-684529,A,0
user-730746,A,0
user-802510,A,0
user-761001,A,0
user-772279,A,0
user-744314,B,1
user-730831,B,0
user-850262,A,0
user-862647,B,1
user-929603,A,0
user-690284,A,0
user-641611,B,0
user-840818,B,1
user-858119,B,0
user-783460,A,0
user-652200,B,0
user-666278,A,1
user-715870,A,0
user-800982,A,0
user-900093,B,1
user-798424,B,1
user-746018,A,0
user-715259,B,1
user-648214,A,0
