,Attribute,Price
0,Shipping and Fulfillment,$40
1,Shipping and Fulfillment,$20
2,Analytics and Reporting,$35
3,SEO and Marketing Features,$45
4,Bulk Product Upload,$45
5,Website Customization,$55
6,Customer Support,$35
7,Automated Email Marketing,$40
8,Customer Support,$40
9,Integration with Third-Party Apps,$25
10,Website Customization,$50
11,Analytics and Reporting,$30
12,Customer Support,$55
13,Analytics and Reporting,$25
14,Bulk Product Upload,$30
15,Website Customization,$45
16,Bulk Product Upload,$20
17,Automated Email Marketing,$45
18,Customer Support,$50
19,Customer Support,$25
20,Bulk Product Upload,$25
21,Shipping and Fulfillment,$45
22,SEO and Marketing Features,$25
23,Shipping and Fulfillment,$30
24,Analytics and Reporting,$40
25,Integration with Third-Party Apps,$40
26,Shipping and Fulfillment,$35
27,Website Customization,$25
28,SEO and Marketing Features,$35
29,Automated Email Marketing,$50
30,Integration with Third-Party Apps,$45
31,Automated Email Marketing,$35
32,SEO and Marketing Features,$55
33,Shipping and Fulfillment,$25
34,Integration with Third-Party Apps,$50
35,Automated Email Marketing,$30
36,Customer Support,$45
37,Bulk Product Upload,$40
38,Website Customization,$40
39,Integration with Third-Party Apps,$55
40,Analytics and Reporting,$45
41,Analytics and Reporting,$55
42,SEO and Marketing Features,$20
43,Automated Email Marketing,$55
44,Automated Email Marketing,$25
45,Website Customization,$20
46,Analytics and Reporting,$20
47,SEO and Marketing Features,$40
48,Shipping and Fulfillment,$50
49,Integration with Third-Party Apps,$35
50,Bulk Product Upload,$55
51,Bulk Product Upload,$35
52,Integration with Third-Party Apps,$30
53,Integration with Third-Party Apps,$20
54,Website Customization,$30
55,SEO and Marketing Features,$30
56,Shipping and Fulfillment,$55
57,Bulk Product Upload,$50
58,SEO and Marketing Features,$50
59,Customer Support,$20
